<?xml version="1.0" encoding="UTF-8" ?>
<!DOCTYPE configuration
        PUBLIC "-//mybatis.org//DTD Config 3.0//EN"
        "http://mybatis.org/dtd/mybatis-3-config.dtd">
<configuration>

    <!-- 加载属性文件 -->
    <properties resource="log4j.properties">
        <!--properties中还可以配置一些属性名和属性值  -->
        <!-- <property name="jdbc.driver" value=""/> -->
    </properties>
    <!-- 和spring整合后 environments配置将废除-->
    <environments default="development">
        <environment id="development">
            <!-- 使用jdbc事务管理，事务控制由mybatis-->
            <transactionManager type="JDBC" />
            <!-- 数据库连接池，由mybatis管理-->
            <dataSource type="POOLED">
                <property name="driver" value="com.mysql.cj.jdbc.Driver" />
                <property name="url" value="jdbc:mysql://localhost:3306/test_bank?useSSL=false&amp;serverTimezone=Hongkong&amp;characterEncoding=utf-8&amp;autoReconnect=true" />
                <property name="username" value="root" />
                <property name="password" value="123456" />
            </dataSource>
        </environment>
    </environments>
    <!-- 加载 映射文件 -->
    <mappers>
        <package name="com.learn.dao"></package>
    </mappers>
</configuration>